Method	Test RMSE
Linear	2327.876328549569
Ridge	3962.663477934253
Lasso	2756.195328469261
